,feature,label_0,label_1,label_2,label_3
0,32373b,4a5859,f4d6cc,f4b860,c83e4d
1,172121,444554,7f7b82,bfacb5,e5d0cc
2,fffd98,bde4a7,b3d2b2,9fbbcc,7a9cc6
3,20bf55,0b4f6c,01baef,fbfbff,757575
4,acbea3,40476d,826754,ad5d4e,eb6534
5,386641,6a994e,a7c957,f2e8cf,bc4749
6,574ae2,222a68,654597,ab81cd,e2adf2
7,d72638,3f88c5,f49d37,140f2d,f22b29
8,664e4c,c1d37f,e2d58b,f0e2a3,f9d4bb
9,d8e2dc,ffe5d9,ffcad4,f4acb7,9d8189
10,fcf7f8,ced3dc,aba9c3,275dad,5b616a
11,4c5454,ff715b,ffffff,1ea896,523f38
12,813405,d45113,f9a03f,f8dda4,ddf9c1
13,d1faff,9bd1e5,6a8eae,57a773,157145
14,d0efb1,b3d89c,9dc3c2,77a6b6,4d7298
15,e8eef2,d6c9c9,c7d3dd,77b6ea,37393a
16,292e1e,7f0799,9649cb,afbbf2,d3fff3
17,f5e6e8,d5c6e0,aaa1c8,967aa1,192a51
18,828a95,ceeaf7,ccd7e4,d5c9df,dcb8cb
19,efe9e7,dae0f2,f9cff2,52154e,111344
20,91c4f2,8ca0d7,9d79bc,a14da0,7e1f86
21,9b5de5,f15bb5,fee440,00bbf9,00f5d4
22,5bc0eb,fde74c,9bc53d,c3423f,404e4d
23,fab3a9,c6ad94,7fb285,463239,ed6b86
24,524632,8f7e4f,c3c49e,d8ffdd,dedbd8
25,493657,ce7da5,bee5bf,dff3e3,ffd1ba
26,f2dfd7,fef9ff,d4c1ec,9f9fed,736ced
27,001524,15616d,ffecd1,ff7d00,78290f
28,861388,e15a97,eeabc4,c799a6,4b2840
29,4e3d42,6d6466,9f9f92,c9d5b5,e3dbdb
30,cebebe,ece2d0,d5b9b2,a26769,6d2e46
31,bdede0,bbdbd1,b6b8d6,7e78d2,6f58c9
32,8ea604,f5bb00,ec9f05,d76a03,bf3100
33,c2f9bb,9ad1d4,62c370,cc3363,20063b
34,ff220c,d33e43,9b7874,666370,1c1f33
35,ff9fb2,fbdce2,0acdff,60ab9a,dedee0
36,8783d1,aa9aba,bfa4a4,d1abad,e3b9bc
37,50ffb1,4fb286,3c896d,546d64,4d685a
38,a5d0a8,8cada7,110b11,b7990d,f2f4cb
39,3c3744,090c9b,3066be,b4c5e4,fbfff1
40,072ac8,1e96fc,a2d6f9,fcf300,ffc600
41,336699,86bbd8,2f4858,9ee493,daf7dc
42,88d18a,ccddb7,6a5b6e,f0b7b3,a833b9
43,d3bdb0,c1ae9f,89937c,715b64,69385c
44,223127,9c0d38,ce5374,dbbbf5,ddf0ff
45,069e2d,058e3f,04773b,036016,03440c
46,119da4,0c7489,13505b,040404,d7d9ce
47,84828f,6a687a,536271,3e4c5e,2c3d55
48,0d1821,344966,e6aace,f0f4ef,bfcc94
49,3a606e,607b7d,828e82,aaae8e,e0e0e0
50,fcd0a1,b1b695,53917e,63535b,6d1a36
51,4effef,73a6ad,9b97b2,d8a7ca,c7b8ea
52,ff4e00,8ea604,f5bb00,ec9f05,bf3100
53,08415c,cc2936,ebbab9,388697,b5ffe1
54,d9f4c7,f8fa90,f4ef88,ac9969,9dcdc0
55,db504a,ff6f59,254441,43aa8b,b2b09b
56,79addc,ffc09f,ffee93,fcf5c7,adf7b6
57,a62639,db324d,56494e,a29c9b,511c29
58,ed6a5a,f4f1bb,9bc1bc,e6ebe0,36c9c6
59,258ea6,549f93,9faf90,e2b1b1,e2c2ff
60,bfb5af,ece2d0,d5b9b2,a26769,582c4d
61,11270b,71b340,669d31,598b2c,3c5a14
62,818d92,586a6a,b9a394,d4c5c7,dad4ef
63,ee6352,08b2e3,efe9f4,57a773,484d6d
64,f2ff49,ff4242,fb62f6,645dd7,b3fffc
65,266dd3,344055,888098,cfb3cd,dfc2f2
66,a9ffcb,b6eea6,c0b298,a4778b,aa4586
67,966b9d,c98686,f2b880,fff4ec,e7cfbc
68,ffe0b5,ede580,a4af69,4c2719,d35269
69,087e8b,ff5a5f,3c3c3c,f5f5f5,c1839f
70,d6f9dd,99f7ab,abdf75,60695c,c5d6d8
71,c7eae4,a7e8bd,fcbcb8,efa7a7,ffd972
72,210124,750d37,b3dec1,dbf9f0,f7f9f7
73,e0bad7,61d095,48bf84,439775,2a4747
74,5d2a42,fb6376,fcb1a6,ffdccc,fff9ec
75,d0e3cc,f7ffdd,fcfdaf,efd780,dba159
76,04e762,f5b700,00a1e4,dc0073,89fc00
77,090446,786f52,feb95f,f71735,c2095a
78,773344,e3b5a4,f5e9e2,0b0014,d44d5c
79,a40e4c,2c2c54,acc3a6,f5d6ba,f49d6e
80,aa4465,edf0da,a89b8c,f0dfad,8f5c38
81,5efc8d,8ef9f3,93bedf,8377d1,6d5a72
82,f2f3ae,edd382,fc9e4f,f4442e,020122
83,9be564,d7f75b,d19c1d,7d451b,472c1b
84,eef4d4,daefb3,ea9e8d,d64550,1c2826
85,efb0a1,f4afb4,c9b7ad,94a89a,797d81
86,ffac81,ff928b,fec3a6,efe9ae,cdeac0
87,c5c5c5,4c5b61,829191,949b96,2c423f
88,441151,883677,ca61c3,ee85b5,ff958c
89,f1fffa,ccfccb,96e6b3,568259,464e47
90,177e89,084c61,db3a34,ffc857,323031
91,cc444b,da5552,df7373,e39695,e4b1ab
92,667761,545e56,917c78,b79492,eae1df
93,8ed081,b4d2ba,dce2aa,b57f50,4b543b
94,ddd8b8,b3cbb9,84a9c0,6a66a3,542e71
95,4357ad,48a9a6,e4dfda,d4b483,c1666b
96,ac3931,e5d352,d9e76c,537d8d,482c3d
97,6c698d,d4d2d5,bfafa6,aa968a,6e6a6f
98,4c2e05,7a8450,aebd93,bee7b8,95969d
99,47e5bc,81e4da,aecfdf,9f9fad,93748a
100,d4dcff,7d83ff,007fff,1affd5,590925
101,a9ddd6,7a8b99,91adc2,9ba0bc,c1b8c8
102,26532b,399e5a,5abcb9,63e2c6,6ef9f5
103,034732,008148,c6c013,ef8a17,ef2917
104,ef6f6c,465775,56e39f,59c9a5,5b6c5d
105,360568,5b2a86,7785ac,9ac6c5,a5e6ba
106,8d6a9f,c5cbd3,8cbcb9,dda448,bb342f
107,2d3047,93b7be,e0ca3c,a799b7,048a81
108,a4243b,d8c99b,d8973c,bd632f,273e47
109,340068,ff6978,fffcf9,b1ede8,6d435a
110,fffffa,515052,000103,333138,ff312e
111,c1edcc,b0c0bc,a7a7a9,797270,453f3c
112,f75590,fce4d8,fbd87f,b5f8fe,10ffcb
113,91f9e5,76f7bf,5fdd9d,499167,3f4531
114,654f6f,5c5d8d,99a1a6,a8c69f,cce2a3
115,e71d36,af4319,772014,3f220f,19180a
116,646e78,8d98a7,dcccbb,eab464,a7754d
117,aeffd8,8affc1,8fdc97,ac8887,9f4a54
118,764248,dda3b2,ffadc6,e3c5bb,dfe2cf
119,d8dbe2,a9bcd0,58a4b0,373f51,1b1b1e
120,2364aa,3da5d9,73bfb8,fec601,ea7317
121,1446a0,db3069,f5d547,ebebd3,3c3c3b
122,b5d6b2,53131e,5a464c,fffacc,ffefbd
123,55d6be,acfcd9,7d5ba6,dddddd,fc6471
124,616163,44ffd2,87f6ff,daf5ff,ffbfa0
125,2b303a,92dce5,eee5e9,7c7c7c,d64933
126,d8dcff,aeadf0,c38d94,a76571,565676
127,cfd4c5,eecfd4,efb9cb,e6adec,c287e8
128,3c1642,086375,1dd3b0,affc41,b2ff9e
129,a4b494,bec5ad,3b5249,519872,34252f
130,d3c1c3,e2d0be,eee5bf,e8f8c1,d1ffc6
131,93b5c6,ddedaa,f0cf65,d7816a,bd4f6c
132,d2f1e4,fbcaef,f865b0,e637bf,48304d
133,262626,acbfa4,e2e8ce,ff7f11,ff1b1c
134,090909,4b5043,9bc4bc,d3ffe9,8ddbe0
135,001514,c2d076,ffe1ea,ffa0fd,e952de
136,eac435,345995,03cea4,fb4d3d,ca1551
137,16bac5,5fbff9,efe9f4,171d1c,5863f8
138,c4f1be,a2c3a4,869d96,525b76,201e50
139,bec5ad,a4b494,519872,3b5249,34252f
140,2d2d2a,353831,38423b,3f5e5a,20fc8f
141,ffff82,f5f7dc,b5d99c,0f0326,e65f5c
142,a57548,fcd7ad,f6c28b,5296a5,82ddf0
143,114b5f,1a936f,88d498,c6dabf,f3e9d2
144,8e5572,f2f7f2,c2b97f,bcaa99,88665d
145,2b59c3,253c78,d36582,ffeecf,c9a690
146,2a2b2a,5e4955,996888,c99da3,c6ddf0
147,9381ff,b8b8ff,f8f7ff,ffeedd,ffd8be
148,156064,00c49a,f8e16c,ffc2b4,fb8f67
149,c2e812,91f5ad,8b9eb7,745296,632a50
150,fcefef,7fd8be,a1fcdf,fcd29f,fcab64
151,212922,294936,3e6259,5b8266,aef6c7
152,def6ca,f8bdc4,f497da,f679e5,f65be3
153,423e3b,ff2e00,fea82f,fffecb,5448c8
154,0a2239,53a2be,1d84b5,132e32,176087
155,390099,9e0059,ff0054,ff5400,ffbd00
156,264653,2a9d8f,e9c46a,f4a261,e76f51
157,545863,00e8fc,f96e46,f9c846,ffe3e3
158,4f7cac,c0e0de,162521,3c474b,9eefe5
159,faa6ff,7353ba,2f195f,0f1020,efc3f5
160,808d8e,766c7f,947eb0,a3a5c3,a9d2d5
161,9bc995,98b9ab,5171a5,3f3047,eef36a
162,011627,ff3366,2ec4b6,f6f7f8,20a4f3
163,a7c6da,eefcce,9eb25d,f1db4b,edff71
164,f6d8ae,2e4057,083d77,da4167,f4d35e
165,f15025,ffffff,e6e8e6,ced0ce,191919
166,aaabbc,8b8982,373f47,6c91c2,c3c9e9
167,d64045,e9fff9,9ed8db,467599,1d3354
168,fdfffc,235789,c1292e,f1d302,161925
169,fbfbf2,e5e6e4,cfd2cd,a6a2a2,847577
170,d3fad6,d1efb5,edeba0,c3c48d,928c6f
171,abe188,f7ef99,f1bb87,f78e69,5d675b
172,022f40,38aecc,0090c1,183446,046e8f
173,ffc9b5,f7b1ab,d8aa96,807182,c7d3bf
174,161925,23395b,406e8e,8ea8c3,cbf7ed
175,cee7e6,bfc0c0,648767,7dc95e,7cdf64
176,82ff9e,a9fbc3,b594b6,935fa7,9b489b
177,121619,2d4739,09814a,bcb382,e5c687
178,f06449,ede6e3,dadad9,36382e,5bc3eb
179,0081af,00abe7,2dc7ff,ead2ac,eaba6b
180,eccbd9,e1eff6,97d2fb,83bcff,80ffe8
181,a7cecb,8ba6a9,75704e,cacc90,f4ebbe
182,141204,262a10,54442b,a9714b,e8985e
183,98ce00,16e0bd,78c3fb,89a6fb,98838f
184,f2d7ee,d3bcc0,a5668b,69306d,0e103d
185,c03221,f7f7ff,f2d0a4,545e75,3f826d
186,93032e,c69f89,a6a15e,84894a,034c3c
187,0d1f2d,546a7b,9ea3b0,fae1df,e4c3ad
188,92977e,e6e18f,fefcad,eadda6,fffae2
189,a2666f,f49390,f45866,c45ab3,631a86
190,30011e,d7fcd4,b6cca1,b68f40,545454
191,d6f49d,ead637,cba328,230c0f,a2d3c2
192,dcd6f7,a6b1e1,b4869f,985f6f,4e4c67
193,edcb96,f7c4a5,9e7682,605770,4d4861
194,ed254e,f9dc5c,f4fffd,011936,465362
195,040303,3a4e48,6a7b76,8b9d83,beb0a7
196,faa275,ff8c61,ce6a85,985277,5c374c
197,182825,016fb9,22aed1,6d8ea0,afa98d
198,c96480,b47978,b1ae91,95bf8f,99d17b
199,512d38,b27092,f4bfdb,ffe9f3,87baab
200,c9f2c7,aceca1,96be8c,629460,243119
201,0b3954,bfd7ea,ff6663,e0ff4f,fefffe
202,30343f,fafaff,e4d9ff,273469,1e2749
203,293132,474044,4f5165,547aa5,50d8d7
204,4a4238,4d5359,508484,79c99e,97db4f
205,2b2d42,8d99ae,edf2f4,ef233c,d80032
206,56a3a6,484538,cad49d,d4eac8,c0d8e0
207,2c1320,5f4b66,a7adc6,8797af,56667a
208,7b3e19,b28b84,f5e5fc,8ae1fc,48b8d0
209,c1f7dc,c3d2d5,bda0bc,a2708a,824670
210,bdc667,77966d,626d58,544343,56282d
211,41463d,9d8df1,b8cdf8,95f2d9,1cfeba
212,f7fff6,bcebcb,87d68d,93b48b,8491a3
213,1e152a,4e6766,5ab1bb,a5c882,f7dd72
214,006e90,f18f01,adcad6,99c24d,41bbd9
215,4c191b,963d5a,c589e8,e3daff,ecfff8
216,fe4a49,2ab7ca,fed766,e6e6ea,f4f4f8
217,fe938c,e6b89c,ead2ac,9cafb7,4281a4
218,4f345a,5d4e6d,8fa998,9cbfa7,c9f299
219,d3f6db,92d5e6,772d8b,5a0b4d,a1ef8b
220,343434,2f3061,0e34a0,5f5980,dfdfdf
221,17301c,379392,4fb0c6,4f86c6,744fc6
222,c6878f,b79d94,969696,67697c,253d5b
223,07004d,2d82b7,42e2b8,f3dfbf,eb8a90
224,f7f7ff,c49991,279af1,60656f,131112
225,650d1b,823200,9b3d12,ae8e1c,c1df1f
226,54494b,7e8287,9da39a,b98389,db2955
227,3c91e6,9fd356,342e37,fafffd,fa824c
228,d741a7,3a1772,5398be,f2cd5d,dea54b
229,a2a79e,a27e8e,a77464,88292f,2e1e0f
230,bbdef0,00a6a6,efca08,f49f0a,f08700
231,96bbbb,618985,414535,f2e3bc,c19875
232,f5ffc6,b4e1ff,ab87ff,fface4,c1ff9b
233,02010a,04052e,140152,22007c,0d00a4
234,000000,0e402d,295135,5a6650,9fcc2e
235,0dab76,139a43,0b5d1e,053b06,000000
236,dbd56e,88ab75,2d93ad,7d7c84,de8f6e
237,acf39d,b0c592,a97c73,af3e4d,
238,a28f9d,74776b,5c574f,48483a,
239,00a7e1,eddea4,f7a072,ff9b42,
240,f7717d,de639a,7f2982,16001e,
241,aa767c,d6a184,ffa686,fec196,
242,3083dc,f8ffe5,7dde92,2ebfa5,
243,4c5b61,829191,949b96,2c423f,
244,3a2618,754043,9a8873,37423d,
245,ab947e,6f5e53,8a7968,593d3b,
246,4a4e69,9a8c98,c9ada7,f2e9e4,
247,9da9a0,654c4f,b26e63,cec075,
248,ffeef2,ffe4f3,ffc8fb,ff92c2,
249,6e8898,9fb1bc,d3d0cb,e2c044,
250,dbd8ae,ca907e,994636,895b1e,
251,f7f7ff,f2d0a4,545e75,3f826d,
252,d16014,939f5c,bbce8a,e2f9b8,
253,aed9e0,9fa0c3,8b687f,7b435b,
254,2d232e,e0ddcf,534b52,f1f0ea,
255,4cb944,fdfffc,f5ee9e,f06543,
256,ea638c,89023e,30343f,1b2021,
257,ff0022,41ead4,fdfffc,b91372,
258,2e294e,1b998b,e71d36,c5d86d,
259,e1dd8f,e0777d,4c86a8,477890,
260,8ef9f3,93bedf,8377d1,6d5a72,
261,63372c,c97d60,ffbcb5,f2e5d7,
262,456990,49beaa,49dcb1,eeb868,
263,48a9a6,e4dfda,d4b483,c1666b,
264,e1ce7a,ebcfb2,c5baaf,ffffff,
265,91f5ad,8b9eb7,745296,632a50,
266,2d080a,7c3626,f5853f,ffcdbc,
267,fe7f2d,fcca46,a1c181,619b8a,
268,7fb069,ece4b7,e6aa68,02020b,
269,726e60,98b06f,b6dc76,dbff76,
270,a9aca9,60495a,3f3244,2f2235,
271,e3e9c2,f9fbb2,7c6354,a5abaf,
272,ffe0b5,8a6552,462521,bdb246,
273,e8ebf7,acbed8,f2d398,d78521,
274,6db1bf,ffeaec,f39a9d,3f6c51,
275,ece2d0,d5b9b2,a26769,582c4d,
276,ff7733,e15634,e63b2e,e1e6e1,
277,f8fff4,fcffeb,fafac6,fecdaa,
278,add9f4,476c9b,468c98,101419,
279,f7a9a8,7d82b8,613f75,e5c3d1,
280,f18f01,adcad6,99c24d,41bbd9,
281,5b2a86,7785ac,9ac6c5,a5e6ba,
282,6a687a,536271,3e4c5e,2c3d55,
283,14213d,fca311,e5e5e5,ffffff,
284,fdfdff,c6c5b9,62929e,546a7b,
285,afbfc0,9fa4a9,847e89,56494c,
286,f7567c,fffae3,99e1d9,5d576b,
287,fab2ea,4a051c,52ffb8,830a48,
288,7f7f7f,a5a5a5,cccccc,f2f2f2,
289,babd8d,ffdac6,fa9500,eb6424,
290,c6dea6,7ebdc3,7a6263,ced097,
291,3fa34d,2a9134,137547,054a29,
292,fffffc,beb7a4,ff7f11,ff1b1c,
293,7692ff,abd2fa,3d518c,1b2cc1,
294,575366,6e7dab,5762d5,d1e3dd,
295,c0b7b1,8e6e53,c69c72,433e3f,
296,01172f,00635d,08a4bd,446df6,
297,533b4d,f564a9,faa4bd,fae3c6,
298,ba5a31,0c0c0c,69dc9e,ffffff,
299,ff86c8,ffa3a5,ffbf81,ffdc5e,
300,94958b,b7b6c1,d5cfe1,eddfef,
301,7e8d85,b3bfb8,f0f7f4,a2e3c4,
302,37ff8b,51d6ff,8d9ec6,a06b9a,
303,bb999c,9999c3,7b8cde,c0e6de,
304,97abb1,746f72,735f3d,594a26,
305,a2c5ac,9db5b2,878e99,7f6a93,
306,b6a6ca,d5cfe1,e1dee9,d4bebe,
307,28464b,326771,2c8c99,42d9c8,
308,e34a6f,f7b2bd,b2a198,60a561,
309,bfacc8,c8c6d7,783f8e,4f1271,
310,daf7dc,abc8c0,70566d,42273b,
311,a4c3b2,cce3de,eaf4f4,f6fff8,
312,e76b74,d7af70,937d64,585b56,
313,beb7df,d4f2d2,34113f,868784,
314,3b1c32,a4d4b4,ffcf9c,b96d40,
315,5e548e,9f86c0,be95c4,e0b1cb,
316,3a7ca5,d9dcd6,16425b,81c3d7,
317,f49fbc,ffd3ba,9ebd6e,169873,
318,061a40,0353a4,006daa,003559,
319,004ba8,4a525a,24272b,07070a,
320,8fb8de,9a94bc,9b5094,6a605c,
321,ff36ab,ff74d4,ffb8de,ffdde1,
322,d3d57c,c7aa74,957964,603140,
323,c04cfd,fc6dab,f7f6c5,f3fae1,
324,e15a97,eeabc4,c799a6,4b2840,
325,ef5d60,ec4067,a01a7d,311847,
326,452103,690500,934b00,bb6b00,
327,f3d9dc,d7bea8,b49286,744253,
328,1b9aaa,dddbcb,f5f1e3,ffffff,
329,e8e288,7dce82,3cdbd3,00fff5,
330,666a86,95b8d1,e8ddb5,edafb8,
331,c9c5ba,97b1a6,698996,407076,
332,ee92c2,9d6a89,725d68,a8b4a5,
333,c28cae,d0aba0,dec4a1,edcf8e,
334,c492b1,af3b6e,424651,21fa90,
335,f4f1bb,9bc1bc,5ca4a9,e6ebe0,
336,ffffff,fceade,ff8a5b,ea526f,
337,feefe5,ffcf00,ee6123,fa003f,
338,4d8b31,ffc800,ff8427,ffffff,
339,c0e0de,162521,3c474b,9eefe5,
340,aafcb8,8cd790,77af9c,285943,
341,f0a6ca,efc3e6,f0e6ef,b8bedd,
342,e07a5f,3d405b,81b29a,f2cc8f,
343,faff81,ffc53a,e06d06,b26700,
344,a89b9d,816c61,575a4b,2a2c24,
345,ff9b71,e84855,b56b45,2b3a67,
346,d7ebba,feffbe,ebd494,472836,
347,e6fdff,d9d7dd,b07bac,5f7367,
348,92bfb1,f4ac45,694a38,a61c3c,
349,f2d5f8,e6c0e9,bfabcb,8d89a6,
350,7e9181,c7cedb,a0aab2,94849b,
351,4a001f,6a0f49,a7c4c2,97efe9,
352,d5fff3,af9ab2,820b8a,672a4e,
353,242f40,cca43b,e5e5e5,ffffff,
354,b2ffa9,ff4a1c,81523f,3f2a2b,
355,73956f,7bae7f,95d7ae,fceff9,
356,8f3985,a675a1,cea2ac,efd9ce,
357,50c9ce,72a1e5,9883e5,fcd3de,
358,454955,f3eff5,72b01d,3f7d20,
359,b6c8a9,c8ead3,cfffe5,cedada,
360,ff5964,ffffff,38618c,35a7ff,
361,f56476,e43f6f,be3e82,5e4352,
362,e7dfe8,e4dee4,af9fa5,92898a,
363,aac0aa,fcdfa6,a18276,f4b886,
364,16e0bd,78c3fb,89a6fb,98838f,
365,3e1929,6e75a8,8d91c7,b0daf1,
366,b5fed9,98cbb4,7ba098,474935,
367,19647e,28afb0,f4d35e,ee964b,
368,4c2c72,77867f,87b37a,9ce37d,
369,c69f89,a6a15e,84894a,034c3c,
370,1a5e63,028090,f0f3bd,c64191,
371,df928e,c58882,d1dede,1d201f,
372,4c4c9d,712f79,976391,f7996e,
373,285238,138a36,04e824,18ff6d,
374,a288a6,bb9bb0,ccbcbc,f1e3e4,
375,90e39a,ddf093,f6d0b1,ce4760,
376,f3dad8,f4c3c2,f1b5cb,e88eed,
377,f7d08a,e3f09b,87b6a7,5b5941,
378,d81e5b,f0544f,fdf0d5,c6d8d3,
379,583e23,13262f,b0a084,e9e6ff,
380,5b2a86,7785ac,9ac6c5,a5e6ba,
381,cbc0d3,efd3d7,feeafa,dee2ff,
382,498467,52b788,b2d3a8,ede5a6,
383,55286f,bc96e6,d8b4e2,ae759f,
384,92ac86,696047,55251d,5a1807,
385,de4d86,f29ca3,f7cacd,84e6f8,
386,95e06c,68b684,094d92,1c1018,
387,7d80da,b0a3d4,cebacf,c6afb1,
388,80ada0,5f5566,33202a,000000,
389,ffe3dc,dbb4ad,a2ad91,3a2d32,
390,b9cfd4,afaab9,b48291,a5243d,
391,6ab547,edd83d,f3f9e3,d8829d,
392,5c5d8d,99a1a6,a8c69f,cce2a3,
393,bdd4e7,212227,637074,aab9cf,
394,785589,977390,ac7b7d,bb8a89,
395,8aa8a1,cbcbd4,d1b490,ee7b30,
396,8f7e4f,c3c49e,d8ffdd,dedbd8,
397,cb807d,fe64a3,f6839c,f0b5b3,
398,d9d375,e3de8f,edfbc1,bfcbc2,
399,ade25d,fcec52,3b7080,3a5743,
400,dea47e,cd4631,f8f2dc,81adc8,
401,9da3a4,604d53,db7f8e,ffdbda,
402,6b8f71,aad2ba,d9fff5,b9f5d8,
403,2e2d4d,337357,6d9f71,e4e3d3,
404,51513d,a6a867,e3dc95,e3dcc2,
405,bfc0c0,648767,7dc95e,7cdf64,
406,86bbd8,2f4858,f6ae2d,f26419,
407,4b3f72,417b5a,d0ceba,e9d2c0,
408,9888a5,776472,445552,294d4a,
409,17183b,a11692,ff4f79,ffb49a,
410,92dce5,f8f7f9,f7ec59,ff66d8,
411,680e4b,7c238c,854798,7c72a0,
412,451f55,724e91,e54f6d,f8c630,
413,c8c6af,95a78d,bd897e,f87666,
414,946846,baab68,e3c16f,faff70,
415,ede580,a4af69,4c2719,d35269,
416,06908f,0ca4a5,dbb68f,bb7e5d,
417,197278,edddd4,c44536,772e25,
418,dd2d4a,f26a8d,f49cbb,cbeef3,
419,694966,74526c,dbd053,c89933,
420,78e3fd,d1f5ff,eef8ff,7d53de,
421,6b2b06,e5e7e6,b7b5b3,141301,
422,b5e2fa,f9f7f3,eddea4,f7a072,
423,f0f0c9,f2bb05,d74e09,6e0e0a,
424,c0c5c1,7d8491,574b60,3f334d,
425,0b4f6c,01baef,fbfbff,757575,
426,f3c98b,daa588,c46d5e,f56960,
427,643173,7d5ba6,86a59c,89ce94,
428,878e88,96c0b7,d4dfc7,fef6c9,
429,f3d9dc,d7bea8,b49286,744253,
430,f25f5c,ffe066,247ba0,70c1b3,
431,685155,7a6f9b,8b85c1,d4cdf4,
432,cf5c36,eee5e9,7c7c7c,efc88b,
433,6a6262,9c9990,cfd2b2,e0d8de,
434,e5e6e4,cfd2cd,a6a2a2,847577,
435,44633f,5a9367,5cab7d,4adbc8,
436,f49f0a,efca08,00a6a6,bbdef0,
437,4d5359,508484,79c99e,97db4f,
438,ffee93,fcf5c7,a0ced9,adf7b6,
439,f9dec9,99b2dd,e9afa3,685044,
440,087e8b,bfd7ea,ff5a5f,c81d25,
441,f5efed,2292a4,bdbf09,d96c06,
442,f2c078,faedca,c1dbb3,7ebc89,
443,48392a,43281c,c06e52,f96f5d,
444,3a435e,455561,5c6672,6c6f7f,
445,897c80,ba8f95,cab6cd,cfbcdf,
446,92bfb1,f4ac45,694a38,a61c3c,
447,eee82c,91cb3e,53a548,4c934c,
448,e15a97,eeabc4,c799a6,4b2840,
449,99e1d9,f0f7f4,70abaf,705d56,
450,40798c,70a9a1,cfd7c7,f6f1d1,
451,c5dac1,bcd0c7,a9b2ac,898980,
452,acbfa4,e2e8ce,ff7f11,ff1b1c,
453,90e0f3,b8b3e9,d999b9,d17b88,
454,baa898,848586,c2847a,280003,
455,3e7cb1,81a4cd,dbe4ee,f17300,
456,acdde7,adb9e3,a379c9,b744b8,
457,0c1821,1b2a41,324a5f,ccc9dc,
458,a4b494,519872,3b5249,34252f,
459,502f4c,70587c,c8b8db,f9f4f5,
460,f092dd,ffaff0,eec8e0,a8c7bb,
461,dae0f2,f9cff2,52154e,111344,
462,606d5d,bc9cb0,d3cdd7,ddf2eb,
463,fcff4b,ffad05,7cafc4,5995ed,
464,129490,70b77e,e0a890,ce1483,
465,f7f7ff,f2d0a4,545e75,3f826d,
466,1c2541,3a506b,5bc0be,ffffff,
467,61304b,857c8d,94bfbe,acf7c1,
468,ffffff,ffffff,ffffff,ffffff,
469,617073,7a93ac,92bcea,afb3f7,
470,ecc8ae,d7907b,6c4b5e,b3679b,
471,506c64,77cbb9,75b8c8,cdd3d5,
472,6d6466,9f9f92,c9d5b5,e3dbdb,
473,ffd166,06d6a0,118ab2,073b4c,
474,a9cbb7,f7ff58,ff934f,5e565a,
475,df928e,c58882,d1dede,1d201f,
476,ffa987,f7ebe8,444140,1e1e24,
477,6c0e23,c42021,f3ffb9,3c1742,
478,685762,9b9987,efa9ae,e55381,
479,c1bddb,a2c7e5,58fcec,303a2b,
480,e5fcf5,b3dec1,210124,750d37,
481,bcffdb,8dffcd,68d89b,4f9d69,
482,6d6a75,37323e,deb841,de9e36,
483,c2e812,91f5ad,ffffff,bfcbc2,
484,6a7062,8d909b,aaadc4,d6eeff,
485,a39ba8,b8c5d6,edf5fc,23ce6b,
486,d7fcd4,b6cca1,b68f40,545454,
487,b2bcaa,838e83,6c6061,64403e,
488,ff6978,fffcf9,b1ede8,6d435a,
489,bfd7ea,ff6663,e0ff4f,fefffe,
490,788475,5e5d5c,453643,28112b,
491,7b5e7b,938274,e9eb87,b9f18c,
492,f7d4bc,cfa5b4,c98bb9,846b8a,
493,839791,aac0af,ffd4ca,efd5c3,
494,90a583,9d8420,942911,593837,
495,f85e00,ffb563,ffd29d,918450,
496,2b4570,a8d0db,e49273,a37a74,
497,596157,5b8c5a,cfd186,e3655b,
498,a4303f,f2d0a4,ffeccc,c8d6af,
499,f3d8c7,efe5dc,fbfefb,ffffff,
500,99907d,7d6f86,585191,4f359b,
501,41337a,6ea4bf,c2efeb,ecfee8,
502,92dce5,eee5e9,7c7c7c,d64933,
503,e1ce7a,ebcfb2,c5baaf,ffffff,
504,a69888,fcbfb7,334e58,33261d,
505,7c77b9,1d8a99,0bc9cd,14fff7,
506,9bf3f0,473198,4a0d67,adfc92,
507,a9aca9,60495a,3f3244,2f2235,
508,73c1c6,96c3ce,a79ab2,b57ba6,
509,8acb88,648381,575761,ffbf46,
510,544e61,6e8894,85baa1,ceeddb,
511,3c6997,5adbff,ffdd4a,fe9000,
512,d2d5dd,b8bacf,999ac6,798071,
513,2ab7ca,fed766,e6e6ea,f4f4f8,
514,688e26,faa613,f44708,a10702,
515,71677c,a99f96,dda77b,945d5e,
516,893168,4a1942,2e1c2b,050404,
517,726e60,98b06f,b6dc76,dbff76,
518,553555,755b69,96c5b0,adf1d2,
519,8a817c,bcb8b1,f4f3ee,e0afa0,
520,c2f261,91f291,61f2c2,30f2f2,
521,93a8ac,d7ceb2,a59e8c,66635b,
522,e7ad99,ce796b,c18c5d,495867,
523,adbdff,3185fc,34e5ff,35281d,
524,17bebb,d4f4dd,d62246,4b1d3f,
525,420039,d72638,ffffff,ff570a,
526,fcd7ad,f6c28b,5296a5,82ddf0,
527,b6c8a9,c8ead3,cfffe5,cedada,
528,912f56,521945,361f27,0d090a,
529,533e2d,a27035,b88b4a,ddca7d,
530,a9fbd7,b2e4db,b0c6ce,938ba1,
531,fbdce2,0acdff,60ab9a,dedee0,
532,d66ba0,e5a9a9,f4e4ba,9df7e5,
533,57467b,7cb4b8,70f8ba,cafe48,
534,77ff94,a1e44d,60993e,613a3a,
535,52aa5e,52aa8a,3aaed8,2bd9fe,
536,f6caca,e4c2c6,cd9fcc,0a014f,
537,c09bd8,ebc3db,ede3e9,e6e4ce,
538,92dce5,eee5e9,7c7c7c,d64933,
539,d1cfe2,9cadce,7ec4cf,52b2cf,
540,f56476,e43f6f,be3e82,5e4352,
541,dbd8b3,fcc8b2,efa48b,685369,
542,30321c,4a4b2f,6b654b,d4df9e,
543,daefb3,ea9e8d,d64550,1c2826,
544,342e37,a2d729,fafffd,fa824c,
545,ffffff,f9c784,fcaf58,ff8c42,
546,ff7b9c,607196,babfd1,e8e9ed,
547,93c0a4,b6c4a2,d4cdab,dce2bd,
548,e7f9a9,c6b38e,9a9b73,442f38,
549,aceca1,96be8c,629460,243119,
550,c4cad0,878c8f,a4969b,655560,
551,e1f2fe,b2b1cf,77625c,49392c,
552,93a8ac,ffffff,e2b4bd,9b6a6c,
553,fbfffe,6d676e,1b1b1e,96031a,
554,d9b8c4,703d57,402a2c,241715,
555,086788,f0c808,fff1d0,dd1c1a,
556,95190c,610345,107e7d,044b7f,
557,3ba99c,69d1c5,7ebce6,8980f5,
558,454955,f3eff5,72b01d,3f7d20,
559,f0f2ef,5c5346,a69f98,8c6057,
560,d84797,d2fdff,3abeff,26ffe6,
561,6e8898,9fb1bc,d3d0cb,e2c044,
562,bb4430,7ebdc2,f3dfa2,efe6dd,
563,6ad5cb,7fbeab,7e998a,85877c,
564,725ac1,8d86c9,cac4ce,f7ece1,
565,defff2,464f51,000009,0ff4c6,
566,c49bbb,a1867f,585481,19297c,
567,55d6be,2e5eaa,5b4e77,593959,
568,c08552,5e3023,895737,dab49d,
569,e3d888,84714f,5a3a31,31231e,
570,070600,f7f7ff,23b5d3,279af1,
571,fee9e1,fad4c0,64b6ac,c0fdfb,
572,a14ebf,6c91bf,5fb0b7,5bc8af,
573,f7e1d7,dedbd2,b0c4b1,4a5759,
574,bd2d87,d664be,df99f0,b191ff,
575,7fb069,ece4b7,e6aa68,02020b,
576,434371,79aea3,70ee9c,b5f44a,
577,c5f4e0,c2eaba,a7c4a0,8f8389,
578,2e282a,cd5334,edb88b,fad8d6,
579,a3c4bc,bfd7b5,e7efc5,f2e7c9,
580,697268,95a3a4,b7d1da,e2e8dd,
581,750d37,b3dec1,dbf9f0,f7f9f7,
582,684a52,857885,87a0b2,a4bef3,
583,d1495b,00798c,30638e,003d5b,
584,ff5964,ffffff,6bf178,35a7ff,
585,f7b05b,f7934c,cc5803,1f1300,
586,ffd3e8,ffd7d5,f3ffe1,dfffd6,
587,9fd356,342e37,fafffd,fa824c,
588,3f88c5,f49d37,140f2d,f22b29,
589,f5b841,f4ff52,53ff45,1e2ede,
590,61d095,48bf84,439775,2a4747,
591,ae847e,2c0e37,690375,cb429f,
592,dddddf,d0c4df,dcabdf,c792df,
593,427aa1,ebf2fa,679436,a5be00,
594,97abb1,746f72,735f3d,594a26,
595,f7c7db,f79ad3,c86fc9,8e518d,
596,3ec300,fffc31,ff1d15,e13700,
597,187795,38686a,a3b4a2,cdc6ae,
598,00a5e0,89a1ef,ef9cda,fecef1,
599,f7a9a8,613f75,e5c3d1,988b8e,
600,f7c4a5,9e7682,605770,4d4861,
601,596869,515751,f5f9e9,c2c1a5,
602,006989,a3bac3,007090,01a7c2,
603,b5a886,fee1c7,fa7e61,f44174,
604,c0df85,deb986,db6c79,ed4d6e,
605,177e89,598381,8e936d,a2ad59,
606,ef2d56,ed7d3a,8cd867,2fbf71,
607,c3b59f,a0af84,668f80,4a6670,
608,847996,88b7b5,a7cab1,f4ecd6,
609,030027,f2f3d9,dc9e82,c16e70,
610,3dccc7,68d8d6,9ceaef,c4fff9,
611,3d2b3d,635d5c,cbefb6,d0ffce,
612,907f9f,a4a5ae,b0c7bd,b8ebd0,
613,95adb6,cbb3bf,dbc7be,ef959c,
614,435058,dcf763,bfb7b6,f1f2ee,
615,d8dad3,a4c2a5,566246,4a4a48,
616,a8aec1,b5d2cb,bfffbc,a6ffa1,
617,f9a620,ffd449,548c2f,104911,
618,a0e8af,86baa1,edead0,ffcf56,
619,c9d7f8,a7e2e3,80cfa9,4c6663,
620,995fa3,9a98b5,a0b9c6,a5f8d3,
621,7692ff,abd2fa,3d518c,1b2cc1,
622,00afb9,fdfcdc,fed9b7,f07167,
623,034748,1481ba,11b5e4,0caadc,
624,575c55,6c7d47,96a13a,acc12f,
625,ff8811,9dd9d2,fff8f0,392f5a,
626,9d6381,fdecef,0f110c,612940,
627,e28413,000022,de3c4b,c42847,
628,d5fff3,af9ab2,820b8a,672a4e,
629,e8e5da,9eb7e5,648de5,304c89,
630,a7e8bd,fcbcb8,efa7a7,ffd972,
631,db9d47,ff784f,ffe19c,edffd9,
632,17255a,f5e2c8,d88373,bd1e1e,
633,140d4f,4ea699,2dd881,6fedb7,
634,b5446e,525252,badefc,0affed,
635,53a2be,1d84b5,132e32,176087,
636,fdfdff,c6c5b9,62929e,546a7b,
637,81968f,cfb9a5,e8ccbf,e9d6ec,
638,bfdbf7,053c5e,1f7a8c,db222a,
639,bca3ac,e5cedc,f3eaf4,eadde1,
640,a9bcd0,58a4b0,373f51,daa49a,
641,7678ed,f7b801,f18701,f35b04,
642,f7567c,fffae3,99e1d9,5d576b,
643,44ffd2,87f6ff,daf5ff,ffbfa0,
644,59c9a5,5b6c5d,3b2c35,2a1f2d,
645,f48668,f4a698,c5c392,73a580,
646,a27e8e,a77464,88292f,2e1e0f,
647,baf2e9,bad7f2,f2bac9,f2e2ba,
648,d2d4c8,b8bdb5,889696,5f7470,
649,6c5a49,c8ad55,d0fcb3,9bc59d,
650,e0607e,d36060,c2714f,f6c5af,
651,92afd7,5a7684,395b50,1f2f16,
652,829399,d0f4ea,e8fcc2,b1cc74,
653,63adf2,a7cced,304d6d,82a0bc,
654,808782,a6d3a0,d1ffd7,b3ffb3,
655,a69cac,474973,161b33,0d0c1d,
656,383b53,66717e,d4d6b9,d1caa1,
657,686963,8aa29e,3d5467,f1edee,
658,7fbeeb,afbed1,eac5d8,dbd8f0,
659,e08e45,f8f4a6,bdf7b7,3943b7,
660,693668,a74482,f84aa7,ff3562,
661,4a5859,f4d6cc,f4b860,c83e4d,
662,d6ce93,efebce,d8a48f,bb8588,
663,eed7c5,c89f9c,c97c5d,b36a5e,
664,452103,690500,934b00,bb6b00,
665,ef767a,7d7abc,6457a6,ffe347,
666,248232,2ba84a,2d3a3a,fcfffc,
667,bbcea8,e3d87e,f0ec57,748067,
668,a499be,9e8576,7a542e,2a2e45,
669,f4b393,fc60a8,7a28cb,494368,
670,8bb174,426b69,222e50,2a4849,
671,d4a0a7,e3e3e3,898989,5da271,
672,e3b5a4,f5e9e2,0b0014,d44d5c,
673,ee92c2,9d6a89,725d68,a8b4a5,
674,f5f7dc,b5d99c,0f0326,e65f5c,
675,9e2b25,51355a,2a0c4e,f5f8de,
